Country;Year;House Price Index;Rent Index;Affordability Ratio;Mortgage Rate (%);Inflation Rate (%);GDP Growth (%);Population Growth (%);Urbanization Rate (%);Construction Index
USA;2015;11.745.401.188.473.600;11.655.000.144.869.400;9.587.945.476.302.640;4.493.292.420.985.180;15.141.211.628.758.300;-0.7520438373103788;-0.7967073574113019;8.598.528.437.324.800;1.180.892.009.394.560
USA;2016;15.080.725.777.960.400;5.144.091.460.070.610;1.172.918.866.945.790;5.662.213.204.002.100;18.802.042.194.087.900;-0.545400262343195;-0.35808421551298164;6.912.726.728.878.610;11.198.051.453.057.900
USA;2017;12.319.450.186.421.100;7.038.603.981.386.290;8.506.676.052.501.410;21.974.693.032.602.000;2.398.940.215.478.910;0.9308947463495336;0.5962449447596256;8.355.527.884.179.040;8.597.390.257.266.870
USA;2018;13.142.344.384.136.100;9.146.901.982.034.290;34.180.537.144.799.700;4.537.724.259.507.190;16.084.068.039.673.900;-14.795.872.561.177.600;23.210.993.803.866.600;8.896.896.099.223.670;1.346.717.878.493.160
USA;2019;11.046.137.691.733.700;5.683.704.798.044.680;9.158.097.238.609.410;37.007.624.686.980.000;12.932.485.264.910.600;19.614.152.808.901.600;-0.8796401760967356;8.727.961.206.236.340;9.070.239.852.800.130
USA;2020;1.462.522.284.353.980;7.181.977.532.625.870;7.680.612.190.600.290;4.233.551.396.716.390;17.015.539.609.159.200;57.566.770.221.164.600;1.712.964.881.763.900;8.818.496.824.692.560;1.415.861.880.342.110
USA;2021;13.978.999.788.110.800;11.453.119.645.161.800;37.964.325.184.672.700;2.479.914.312.095.720;0.7939773779184974;0.6026426461061147;0.360370513913187;6.814.047.095.321.680;13.629.900.073.215.400
USA;2022;11.567.533.266.935.800;6.966.541.567.811.660;7.884.264.748.424.230;2.204.621.124.873.810;5.714.280.374.901.250;-14.035.948.505.618.300;24.541.042.781.018.100;8.316.734.307.889.970;8.589.725.452.273.370
USA;2023;8.055.221.171.236.020;1.070.822.999.918.380;9.361.716.094.628.550;5.145.035.840.204.930;5.513.257.253.458.640;-14.076.427.861.272.700;0.2546300499049541;6.347.607.178.575.380;13.904.827.407.004.700
USA;2024;1.423.298.126.827.550;7.316.286.173.968.540;3.572.025.152.574.210;3.054.911.608.578.310;2.613.691.593.173.850;38.368.494.267.045.100;1.231.451.149.743.240;866.163.822.772.898;10.777.719.401.295.500
Canada;2015;9.195.942.459.383.010;9.992.713.510.560.960;9.847.065.437.552.070;4.306.385.987.847.480;55.112.866.697.046.400;1.950.364.770.915.120;0.8295649028369791;7.282.623.055.075.640;7.203.353.013.952.760
Canada;2016;9.078.914.269.933.040;52.200.042.998.071.300;8.727.693.701.374.020;30.717.799.053.816.300;3.805.709.492.570.560;5.260.531.791.408.740;-0.12747719797893775;7.231.148.769.106.880;13.044.409.108.344.300
Canada;2017;10.287.981.654.916.200;5.538.859.368.801.550;5.607.763.076.223.910;2.306.106.436.270.020;6.543.034.740.226.720;4.464.963.036.515.330;1.216.913.147.786.480;8.614.381.770.563.150;13.429.376.615.192.900
Canada;2018;9.865.700.588.860.350;11.247.912.989.429.800;7.854.080.177.240.850;5.537.200.775.820.310;6.324.593.449.502.700;0.544027799774911;-0.6148182641531313;6.683.805.487.625.820;10.416.862.309.010.000
Canada;2019;16.180.147.659.224.900;11.025.114.082.794.400;30.625.691.747.807.100;4.053.736.512.887.820;32.131.715.204.670.600;-0.223137516234158;-0.5804712143321102;7.012.845.514.210.880;14.543.277.631.300.100
Canada;2020;11.232.029.320.207.500;8.631.534.352.203.560;93.271.706.300.566;331.814.801.189.647;68.165.835.376.862.400;569.957.835.953.689;-0.11876196461122546;7.491.745.517.677.150;9.407.026.478.534.150
Canada;2021;10.848.404.943.774.600;52.582.086.314.817.200;8.486.079.005.819.070;40.133.951.161.443.000;0.8346118831249307;0.22917171389289148;2.178.930.600.883.280;6.718.685.672.000.910;8.159.158.976.729.780
Canada;2022;1.289.452.760.277.560;11.899.553.178.774.200;5.178.497.443.603.500;4.860.677.737.029.390;5.450.527.499.636.660;-0.09889964806080265;15.487.572.201.415.000;7.103.349.398.157.750;12.058.446.644.748.600
Canada;2023;14.335.297.107.608.900;8.750.422.788.523.300;38.126.079.304.896.700;567.651.247.794.619;2.585.070.422.316.280;-0.5078519168011661;-0.8572870045583263;7.772.678.829.564.720;1.242.051.489.473.820
Canada;2024;8.165.878.289.278.560;8.584.651.408.094.960;5.038.461.976.781.440;4.725.863.952.047.240;16.333.817.885.324.400;35.275.019.048.197.200;0.35357371205188093;8.810.189.966.210.200;8.100.167.553.167.940
UK;2015;11.410.663.510.502.500;57.943.146.486.841.200;11.322.242.564.507.000;5.886.696.766.904.900;21.766.205.801.485.100;32.798.723.682.734.300;18.602.777.007.042.500;7.665.602.434.798.380;11.237.204.626.848.000
UK;2016;10.418.522.909.004.500;5.651.719.374.641.290;11.074.941.821.579.900;6.002.090.285.816.650;46.151.594.722.762.400;0.7122383283896054;0.22223351114431322;8.177.867.036.610.710;14.176.882.079.620.600
UK;2017;16.870.864.242.651.100;10.459.128.821.003.300;877.828.481.538.859;1.920.699.824.975.240;15.505.866.416.149.800;5.188.433.508.216.630;1.122.501.708.808.560;6.027.591.154.849.880;7.811.772.342.928.250
UK;2018;1.463.501.769.108.050;50.354.310.869.235.300;4.447.272.462.757.480;4.243.668.946.832.930;49.973.187.850.025.000;32.156.900.760.208.000;-0.2150574168880408;8.136.537.664.042.600;8.897.992.699.974.400
UK;2019;11.253.996.981.592.600;10.225.439.835.826.100;8.846.696.091.424.930;574.611.705.247.089;4.774.483.799.952.230;2.546.468.826.683.770;-0.6721383126016763;7.103.147.409.178.300;9.121.618.941.453.800
UK;2020;10.439.896.433.790.800;11.811.073.883.267.100;6.537.879.522.000.840;5.960.232.775.885.560;4.602.401.068.982.200;4.358.490.428.333.180;0.7592298258681724;7.730.711.653.879.070;1.094.014.155.055.090
UK;2021;9.952.429.877.980.440;10.057.164.806.830.500;5.526.951.261.967.700;16.215.798.321.572.600;4.695.569.923.396.590;-0.5831145647436085;22.916.050.452.352;8.861.785.731.007.760;14.318.915.121.763.500
UK;2022;11.701.587.002.554.400;5.108.196.315.702.070;11.354.867.063.289.500;36.409.207.415.865.700;6.783.256.323.783.850;5.708.959.816.714.020;19.855.330.941.357.600;6.883.346.676.208.750;10.080.781.828.815.400
UK;2023;1.651.136.671.516.850;7.218.454.036.093.940;4.525.434.720.174.830;4.284.006.312.291.750;6.585.006.032.045.070;3.568.238.373.399.780;0.9952140953127775;62.915.294.813.123.000;11.920.057.813.593.300
UK;2024;17.900.538.501.042.600;5.980.588.106.655.660;7.664.966.871.273.630;5.886.865.359.639.770;5.314.996.015.402.320;3.576.125.927.962.140;14.586.942.939.548.800;7.078.473.453.659.260;9.348.734.754.115.940
Germany;2015;16.093.611.554.785.100;10.670.793.762.754.200;10.803.650.867.220.900;6.066.202.762.782.350;3.823.725.592.596.090;2.012.130.357.497.590;1.794.033.126.383.710;7.949.891.792.333.290;12.615.735.018.061.600
Germany;2016;1.595.792.669.436.100;11.230.037.392.722.900;6.041.956.411.663.820;337.791.476.319.972;11.108.826.089.656.400;2.626.241.127.969.390;-0.8742020417114027;7.396.794.054.397.380;11.341.157.077.660.600
Germany;2017;10.865.412.521.282.800;9.135.832.823.983.070;3.274.502.249.451.440;1.686.740.943.746.070;5.846.903.644.287.770;0.8815251312901031;-0.5552882057184032;7.566.729.780.164.410;13.159.948.424.788.800
Germany;2018;10.158.210.274.968.400;9.360.233.330.733.000;3.768.127.184.943.910;17.584.086.058.430.300;3.953.805.105.192.960;2.325.080.972.880.850;12.310.046.552.437.200;8.178.274.001.167.980;14.806.816.635.700.200
Germany;2019;13.163.003.483.011.900;7.260.695.310.588.720;10.156.675.752.918.300;2.854.161.256.310.370;33.533.142.345.866.300;-13.723.489.492.618.700;-0.9112723980458988;8.887.945.244.033.770;13.687.840.964.097.600
Germany;2020;1.495.974.206.093.690;7.862.670.610.899.880;4.559.648.880.637.610;22.821.852.133.554.300;212.657.883.806.987;23.938.133.176.489.600;15.010.857.294.502.100;7.980.592.130.153.190;9.239.471.175.567.540
Germany;2021;1.754.865.280.663.190;10.165.278.416.870.300;7.989.186.472.602.600;4.558.603.731.171.760;32.274.004.057.806.300;-0.01815208399074031;0.24590437527941544;8.273.538.331.393.100;7.115.147.909.038.040
Germany;2022;9.160.726.405.069.160;5.322.018.494.152.260;3.366.559.220.870.730;5.777.302.920.055.030;5.073.776.085.970.150;17.933.906.326.986.000;-0.6575804377214949;7.474.847.625.350.490;10.787.774.166.244.500
Germany;2023;9.732.018.699.100.150;8.036.961.544.665.810;6.586.542.609.576.360;4.579.250.490.261.080;4.628.108.730.639.680;-16.375.679.218.236.400;0.31114415119264915;787.757.974.714.271;11.025.090.068.640.700
Germany;2024;16.564.898.411.883.200;9.610.855.421.332.610;4.466.409.843.732.860;1.852.843.737.002.140;4.675.725.308.341.050;-17.879.095.156.670.200;10.502.145.344.571.200;8.820.690.724.274.870;11.603.793.423.007.000
France;2015;1.188.169.926.206.520;9.503.017.529.096.470;712.427.601.442.365;4.228.083.946.579.670;6.619.521.257.047.410;1.088.821.102.406.190;23.641.669.733.837;8.716.051.925.868.190;8.566.329.078.314.370
France;2016;8.693.613.008.751.650;5.705.446.009.641.980;31.639.964.308.639.400;1.972.214.803.779.640;493.954.402.720.632;-1.430.490.812.318.160;0.11641470602816462;8.534.625.932.908.360;7.186.175.485.886.600
France;2017;16.144.684.825.889.300;69.729.834.234.138;4.063.483.448.594.900;4.983.685.826.820.750;4.588.128.504.069.240;5.019.776.108.216.420;15.727.486.533.136.000;8.410.442.791.154.540;9.256.276.580.570.450
France;2018;9.774.395.437.797.220;10.254.303.261.486.000;10.261.512.653.405.300;6.452.525.710.003.360;3.182.014.899.924.270;0.9761446863422654;1.717.445.362.596.980;7.022.410.620.759.050;14.446.058.604.828.500
France;2019;1.658.412.751.843.010;8.002.958.191.625.120;9.757.839.610.123.470;5.272.714.370.423.410;1.170.305.147.433.560;5.220.423.253.436.530;0.7683833035675001;8.479.372.398.323.220;9.560.396.808.244.890
France;2020;16.955.232.284.962.000;7.724.411.751.139.140;30.975.388.633.226.800;60.269.098.820.963.100;10.933.633.991.098.600;0.5545091007233189;23.252.168.846.778.100;8.851.821.440.812.660;11.587.503.104.986.200
France;2021;14.318.372.121.697.900;8.139.118.653.848.230;5.638.896.945.282.580;314.332.272.684.958;487.136.996.450.075;401.899.623.550.144;177.052.665.304.047;8.368.854.428.383.660;7.729.648.824.389.520
France;2022;12.944.203.047.025.800;540.291.132.011.651;794.575.994.091.362;3.707.652.506.866.880;62.700.771.879.289.400;0.8073201004166295;-0.5902654425033795;6.428.975.046.158.500;13.092.085.053.739.700
France;2023;1.418.218.063.316.260;5.707.858.732.859.530;37.569.612.550.349.700;50.048.456.572.956;0.9729595413672579;457.488.047.432.285;14.718.477.950.477.300;6.244.046.341.925.690;7.678.701.712.681.530
France;2024;17.866.395.785.011.700;7.619.895.570.292.840;6.335.779.323.602.010;5.563.997.836.287.510;66.571.157.529.950.800;5.888.008.510.582.960;16.368.236.484.062.900;7.128.778.756.592.740;7.668.005.733.589.350
Italy;2015;1.577.146.915.927.430;8.908.829.748.150.630;6.817.998.083.222.780;603.177.192.547.368;12.227.836.349.899.800;19.410.008.343.268.700;-0.9602622433140333;7.405.981.925.982.370;7.450.426.205.454.690
Italy;2016;918.817.916.268.072;5.822.683.727.439.730;8.842.892.719.044.570;5.230.224.396.327.110;42.918.969.731.315.300;5.697.380.387.796.330;0.31204702833296416;6.857.136.258.845.580;1.394.879.302.551.560
Italy;2017;10.235.958.385.194.500;1.174.255.777.608.420;3.109.390.272.208.340;6.349.394.133.538.190;0.7805394276787447;5.129.144.909.584.560;0.8469538818020494;8.978.894.388.357.900;759.037.251.788.319
Italy;2018;13.538.542.844.013.200;11.785.117.749.333.600;7.707.880.597.531.330;4.646.993.190.676.310;5.022.366.478.400.010;16.363.285.181.421.800;1.196.453.280.294.220;77.529.429.357.693;1.420.926.408.392.790
Italy;2019;8.454.463.803.414.570;6.966.742.327.145.610;11.553.703.356.689.000;59.513.189.194.545.800;3.461.768.893.107.130;2.961.060.782.412.290;-0.029165859566035568;6.564.363.479.171.280;10.709.587.239.519.800
Italy;2020;11.533.522.280.260.500;9.085.592.782.956.100;36.996.117.326.848.600;63.719.740.383.308.300;6.910.369.839.117.410;3.585.293.712.157.960;0.8763372822044213;6.928.582.848.858.980;1.351.036.015.765.550
Italy;2021;14.847.311.725.538.700;6.138.318.575.414.230;11.198.344.660.444.500;5.612.686.214.615.840;6.673.699.436.397.500;38.057.560.671.068.700;11.469.531.857.752.600;7.254.729.108.871.850;14.461.827.866.832.100
Italy;2022;16.660.638.895.004.000;5.316.530.690.743.320;3.237.302.770.475.260;3.382.316.834.390.240;5.768.596.650.081.910;5.898.209.034.519.550;-0.47354088113765136;7.782.392.146.056.400;10.047.126.853.048.100
Italy;2023;17.699.143.978.146.000;1.089.483.246.194.990;1.054.495.834.240.020;38.434.657.989.748.500;31.963.267.651.948.200;0.1872565754456499;-0.8026857617217551;859.416.712.876.516;13.503.208.073.040.600
Italy;2024;17.997.176.732.861.300;11.976.457.859.517.300;7.998.885.350.423.640;53.449.370.759.025.500;6.640.977.244.235.780;4.797.179.125.419.290;-0.13428164389880815;735.163.240.593.028;803.327.532.121.196
Spain;2015;17.540.510.272.587.200;924.322.244.115.616;5.057.785.249.531.160;4.858.503.422.029.280;4.517.833.562.976.320;0.865301744262724;-0.6025484273012984;8.014.719.586.778.390;11.162.461.607.230.300
Spain;2016;1.572.318.391.735.630;8.641.144.507.783.950;10.669.633.502.866.800;4.259.534.193.872.420;4.146.096.814.980.010;501.322.882.126.676;0.41219003174338953;6.402.045.685.351.920;7.230.261.410.506.710
Spain;2017;15.551.372.556.736.100;9.342.166.859.474.250;9.336.717.912.893.010;25.648.208.075.445.500;13.864.145.913.140.000;-18.836.426.746.569.400;0.22705645582308942;7.769.753.060.563.890;10.137.952.360.797.800
Spain;2018;12.374.749.220.237.200;11.329.110.861.456.200;6.134.299.203.209.700;4.069.947.445.799.050;559.374.458.281.743;11.723.422.585.701.600;11.773.034.507.975.500;8.587.091.126.240.230;14.596.164.989.261.100
Spain;2019;947.073.480.929.038;11.486.113.376.130.400;7.429.046.637.715.840;27.912.219.414.947.900;34.843.824.155.486.900;5.840.260.602.283.810;0.7241633289750435;6.986.254.830.862.520;12.067.206.834.533.800
Spain;2020;1.040.145.618.778.190;55.310.432.967.606.400;4.159.917.497.195.840;2.140.229.194.788.860;14.873.675.078.299.100;-0.8893826188047189;1.243.061.606.811.250;6.545.640.253.197.430;9.765.338.266.590.900
Spain;2021;1.696.788.409.906.010;8.317.731.481.840.100;9.008.019.646.689.240;2.361.599.356.008.140;174.987.862.225.636;-1.673.051.069.868.160;-0.40872727924742414;6.835.771.017.095.870;8.416.083.874.213.970
Spain;2022;8.887.025.337.570.550;5.844.451.097.704.200;7.147.008.912.294.530;25.316.685.920.289.600;28.677.540.968.124.900;2.027.338.166.838.850;14.163.819.002.027.700;6.117.936.419.523.290;1.339.528.319.127.230
Spain;2023;14.279.003.894.909.000;5.572.313.223.642.100;10.862.207.616.960.900;6.104.362.002.659.060;0.8970067390566143;0.2150211851776298;18.217.044.792.757.100;8.244.779.071.150.970;8.476.168.154.851.010
Spain;2024;10.093.493.233.367.100;7.593.304.719.539.670;7.360.706.866.719.190;459.127.385.765.148;2.897.938.657.203.520;17.002.777.290.651.800;1.616.148.283.468.140;6.110.049.608.671.790;9.019.495.554.752.160
Australia;2015;15.133.495.858.845.500;11.266.447.863.810.300;76.050.969.790.409.900;4.160.567.426.326.570;11.966.180.737.085.400;15.792.989.345.876.300;0.8641604325925811;6.727.411.510.904.180;9.153.945.847.595.040
Australia;2016;11.772.841.631.046.200;5.140.498.384.444.080;5.898.712.490.248.600;2.557.240.034.982.720;26.287.327.891.564.400;-10.419.029.454.459.900;21.168.454.825.896.300;7.780.777.360.662.140;12.432.818.553.155.900
Australia;2017;15.891.712.386.073.300;8.489.095.392.503.400;37.822.825.927.868.100;4.185.532.709.092.730;4.314.467.267.135.710;396.351.579.347.464;0.5108084118038778;6.382.740.908.386.690;9.270.207.246.389.790
Australia;2018;11.630.822.963.986.300;952.142.068.932.121;8.137.004.742.020.200;32.804.836.294.892.300;6.912.349.117.154.360;2.846.198.554.855.090;-0.16970622892401932;6.305.347.417.861.210;8.222.873.113.474.650
Australia;2019;10.459.577.283.845.000;612.476.961.281.689;4.679.103.216.461.750;29.254.758.434.692.300;16.269.283.694.159.000;5.174.123.397.011.400;-0.7191818901842523;7.573.534.168.710.760;10.283.174.615.917.200
Australia;2020;17.823.786.169.086.000;57.842.723.151.763.600;6.580.700.391.411.670;6.347.352.166.376.840;6.125.796.318.310.870;4.536.576.567.594.230;-0.09734010534271054;6.512.662.762.170.190;12.349.145.759.395.400
Australia;2021;17.293.759.891.275.800;8.897.340.251.097.500;8.144.514.205.229.090;28.998.954.683.014.200;550.170.406.574.759;-0.503650011539813;0.13287732741485292;7.276.309.315.849.250;1.106.088.302.947.560
Australia;2022;10.424.097.324.150.800;5.803.857.773.174.420;8.495.580.381.974.690;2.943.152.766.201.270;427.804.843.924.698;-0.7650982778063815;0.6839903564918612;7.597.768.297.654.750;7.414.588.294.579.410
Australia;2023;11.366.042.781.939.200;59.409.027.385.728.100;35.703.747.342.549.000;6.449.801.161.949.720;2.595.299.992.335.690;4.478.995.566.837.070;-0.10875770832682652;8.044.508.166.671.780;13.081.822.879.117.400
Australia;2024;13.956.387.406.078.400;8.301.033.319.851.100;6.706.568.227.325.410;32.443.413.327.149.700;6.541.939.437.610.860;4.644.955.262.301.830;2.377.594.187.332.790;63.728.916.704.566.300;12.846.939.801.629.100
India;2015;17.383.404.568.210.300;6.268.631.463.159.620;35.984.664.063.009.900;5.205.603.246.450.290;4.234.075.235.669.420;47.346.302.140.661.700;-0.5107966818079868;838.580.193.557.967;8.613.018.560.381.950
India;2016;9.636.559.428.657.040;6.149.860.585.516.950;1.033.117.248.208.240;4.825.986.103.481;38.999.252.609.992.700;0.8706438729880199;2.070.201.892.845.870;7.177.335.322.267.900;13.532.795.515.772.600
India;2017;12.391.349.085.702.100;7.638.611.005.974.350;7.164.118.071.026.450;30.068.893.708.207.100;5.359.460.971.145.630;2.021.763.120.739.830;-0.18725556698613943;8.698.723.719.823.700;10.071.129.770.985.600
India;2018;13.435.528.611.139.800;11.345.304.776.751.800;8.618.141.963.225.920;20.844.902.035.418.200;6.608.908.803.487.580;3.021.664.424.571.340;0.17216965129980144;6.417.816.217.990.160;13.352.201.514.162.300
India;2019;14.200.727.559.285.100;8.734.227.643.834.250;11.045.033.247.458.600;54.429.860.561.226.500;14.858.867.182.628.800;0.49377654236438584;-0.1302880106493699;823.183.887.771.803;7.268.259.477.886.230
India;2020;13.698.896.848.713.100;10.337.210.800.184.800;10.890.890.730.855.700;3.210.408.743.579.530;5.838.172.480.368.080;-11.149.461.043.583.400;19.625.830.210.708.100;63.824.659.869.959.400;10.178.298.324.482.900
India;2021;15.972.953.657.795.500;6.049.421.991.441.410;5.063.262.557.093.770;5.111.262.841.965.330;5.180.237.487.549.480;31.291.810.630.823.700;142.881.955.563.485;7.628.173.330.042.780;9.014.392.471.255.620
India;2022;11.456.959.935.039.100;627.118.401.760.998;11.176.055.052.002.600;4.416.958.973.830.600;31.055.342.089.636.500;16.960.464.291.530.600;23.154.916.886.413.500;646.005.420.934.824;11.689.838.656.134.300
India;2023;1.305.888.678.884.460;9.280.179.648.042.530;31.629.916.543.875.600;5.860.619.544.720.750;655.876.883.614.348;25.210.654.687.136.700;1.438.277.883.569.120;8.767.498.143.531.880;12.657.909.074.507.100
India;2024;9.525.390.429.142.610;9.034.018.521.167.690;8.460.435.417.445.700;362.065.335.651.193;5.286.887.531.560.690;5.474.936.118.152.110;2.239.489.795.173.710;7.352.518.114.212.390;7.905.904.366.726.040
China;2015;17.848.411.989.623.300;10.872.286.605.121.500;4.121.964.130.829.400;6.104.209.413.086.860;61.543.263.534.038.300;2.150.704.457.008.570;10.694.640.251.072.500;7.197.008.111.610.390;743.809.311.057.625
China;2016;11.351.972.416.459.000;10.619.974.140.186.000;30.416.882.070.414.200;3.167.495.858.455.720;30.880.965.083.411.300;2.299.164.823.503.380;22.194.946.574.446.600;7.039.037.983.097.880;9.775.625.615.169.820
China;2017;15.375.012.481.097.400;8.165.525.586.228.650;5.021.443.406.459.830;3.762.197.580.663.460;1.415.570.632.468.690;-0.5889041079502135;0.7442872045881792;7.256.776.348.513.640;143.187.672.085.448
China;2018;11.623.938.991.166.300;9.064.118.451.946.300;8.690.378.591.275.770;1.565.472.282.941.660;4.812.992.918.108.610;-0.5757122650419886;2.363.746.111.143.090;644.598.818.325.934;1.031.699.298.981.610
China;2019;8.853.496.680.786.430;11.978.119.762.921.600;7.519.755.092.981.180;4.476.925.086.600.210;0.9359971030247787;39.996.837.631.934.200;-0.26533042416544983;8.694.162.868.322.140;8.641.117.123.856.050
China;2020;9.906.877.206.636.660;5.255.847.674.936.660;7.248.602.505.989.990;4.324.205.666.313.080;0.9271061562842904;4.204.220.933.560.080;0.5865109216180966;757.317.080.798.274;10.526.101.975.505.800
China;2021;1.200.763.060.875.320;8.917.482.319.157.520;4.397.162.213.376.410;24.096.406.524.763.500;61.016.065.365.878.600;5.568.923.697.069.060;0.3065826069791353;6.812.234.019.430.660;12.151.996.345.912.100
China;2022;12.087.341.710.980.900;5.177.704.489.622.410;4.405.373.376.295.710;5.079.861.144.236.980;4.783.005.622.415.980;-1.783.232.059.972.130;-0.2230974332346769;6.693.224.389.764.210;12.375.141.948.789.800
China;2023;8.197.105.377.543.640;5.728.760.073.892.010;10.199.244.768.358.700;2.392.723.310.271.660;4.742.849.701.037.180;-0.09453775162618783;-0.6519551253422919;6.729.516.572.998.360;12.778.135.454.845.200
China;2024;16.556.964.681.062.800;10.811.539.051.968.900;65.746.517.665.660.900;4.840.425.682.853.230;18.323.979.202.028.300;0.3451818420881061;2.137.175.364.823.910;6.039.005.770.532.200;7.684.068.246.835.740
Japan;2015;10.078.862.551.460.200;5.185.725.427.116.730;4.632.918.915.808.170;441.520.780.484.846;3.239.259.578.851.230;5.141.373.688.615.790;18.610.524.660.845.400;7.025.452.055.093.620;9.075.387.467.450.340
Japan;2016;11.796.924.081.672.600;9.132.064.597.603.650;5.412.572.767.405.880;46.207.445.392.456.700;3.161.175.739.243.060;2.416.377.446.815.840;0.5264428519736084;6.883.397.278.625.750;14.587.626.455.697.200
Japan;2017;15.636.057.941.597.600;5.980.792.230.365.160;10.816.211.783.081.200;3.937.155.991.247.560;6.314.589.474.811.590;4.398.842.047.578.520;0.48824726564231713;6.067.407.924.960.350;9.149.418.875.079.560
Japan;2018;13.416.342.146.608.600;9.434.347.538.783.030;5.320.989.168.898.820;21.967.803.703.641.200;59.270.465.391.954.400;5.875.217.445.628.410;0.8399156380594004;6.515.037.857.544.910;9.178.458.612.154.950
Japan;2019;8.183.906.765.474.660;11.400.091.645.923.400;405.975.974.601.127;4.382.582.377.571.260;2.281.358.934.466.830;24.334.240.201.263.400;12.799.713.592.315.200;8.489.225.411.121.600;8.651.370.174.084.820
Japan;2020;8.109.958.286.584.800;5.958.199.410.481.650;11.100.167.776.632.900;5.869.450.387.812.570;43.831.851.641.070.000;2.804.134.883.469.220;1.327.628.360.911.890;6.526.113.835.870.340;1.431.529.556.739.960
Japan;2021;1.218.770.524.892.070;7.681.969.697.746.480;7.670.259.347.545.530;17.348.298.338.752.700;15.808.418.969.145.100;39.042.689.314.109.600;-0.7102046622620574;7.809.456.328.399.160;8.962.792.877.450.560
Japan;2022;11.892.956.140.419.700;70.208.561.573.949;6.201.054.448.184.540;5.095.229.525.921.220;24.312.911.515.506.300;25.312.371.223.751.700;0.6661764076968488;7.991.013.496.087.940;14.494.637.914.598.000
Japan;2023;15.325.720.972.102.500;6.504.582.650.135.290;3.280.648.215.551.560;28.113.202.214.991.200;4.368.006.549.551.650;-15.885.934.921.259.900;0.7372818652043271;7.790.528.546.750.660;9.673.951.126.535.680
Japan;2024;15.709.122.037.458.200;57.461.877.719.364.000;3.676.240.035.622.270;51.409.437.810.180.100;372.069.355.534.029;35.072.191.714.218.800;0.5218956851131118;673.920.609.971.732;13.552.818.541.393.500
Brazil;2015;15.994.158.789.689.700;9.862.875.295.980.980;5.449.306.235.069.660;44.511.533.343.454.300;28.463.303.301.101.700;-12.673.434.133.869.200;22.105.975.141.178.400;6.410.455.892.756.880;1.460.189.883.056.640
Brazil;2016;12.460.057.729.579.500;62.959.305.018.703.300;7.877.108.526.405.220;5.864.729.179.382.040;52.594.617.616.621.400;4.452.489.182.891.590;13.057.417.834.875.100;8.076.829.693.553.550;13.793.565.212.522.500
Brazil;2017;10.496.680.088.591.800;8.425.974.745.501.980;499.088.497.637.642;6.438.340.039.983.230;6.636.385.707.962.980;-16.845.855.090.519.500;14.695.131.038.049.000;8.775.744.952.246.990;8.444.602.761.018.660
Brazil;2018;13.679.452.305.526.200;11.408.418.083.116.200;33.055.138.072.721.800;49.871.013.362.342;243.276.854.792.158;5.395.169.563.012.240;2.398.703.858.078.780;8.832.799.467.340.300;1.079.371.373.325.970
Brazil;2019;16.620.426.509.893.100;10.911.845.789.745.400;5.871.904.259.189.300;5.644.577.370.753.380;0.740549625650702;27.701.590.278.564.200;-0.19496906949303927;6.361.700.657.331.830;7.615.625.613.033.670
Brazil;2020;14.962.887.758.781.300;7.379.124.746.376.460;9.522.900.943.758.850;18.267.817.039.947.100;2.549.387.195.898.960;23.159.303.390.026.900;17.675.310.769.363.700;695.625.750.879.621;12.007.131.011.496.000
Brazil;2021;1.685.977.748.236.180;9.311.042.317.276.130;5.096.635.272.782.700;16.220.039.077.826.900;6.155.642.680.356.040;-1.829.844.713.196.900;20.614.558.543.946.900;7.586.811.402.081.630;1.451.254.158.810.310
Brazil;2022;15.987.832.357.736.600;11.985.538.773.733.300;6.156.406.339.065.390;5.335.941.444.655.630;3.112.550.938.460.070;18.390.049.624.312.700;11.962.691.212.642.900;8.621.031.342.559.010;14.872.667.753.594.300
Brazil;2023;15.682.734.138.645.100;7.924.367.475.171.330;6.792.213.020.493.630;5.187.911.507.944.450;2.052.051.447.493.960;-11.162.070.949.488.400;0.24117755174271793;6.861.716.974.962.240;937.046.496.364.792
Brazil;2024;10.336.077.510.499.000;52.946.523.274.545.300;31.608.654.126.007.200;6.438.611.948.680.150;32.805.253.692.831.000;10.746.131.772.774.500;13.787.654.894.257.400;6.654.761.663.595.190;14.599.689.471.601.800
South Korea;2015;1.586.345.014.415.550;56.258.770.161.858.100;6.758.226.982.064.350;5.895.591.537.810.820;6.640.758.144.894.160;17.392.120.899.989.500;11.469.398.622.374.700;6.501.101.838.276.220;14.929.349.009.095.800
South Korea;2016;10.316.717.013.834.400;11.599.122.418.945.800;8.846.819.840.931.310;4.538.683.974.394.290;38.324.753.216.073.000;-0.1546415062579305;-0.3821518879807211;6.661.458.627.210.520;8.491.506.097.154.030
South Korea;2017;15.795.844.735.667.500;7.450.876.814.167.110;35.205.840.890.705.600;6.345.513.150.704.050;62.446.082.522.622.600;5.422.018.265.561.700;24.821.773.792.625.200;6.521.685.747.658.460;1.016.993.615.122.120
South Korea;2018;15.582.384.757.040.900;9.872.144.326.376.540;43.850.631.570.586.900;5.579.165.624.953.080;19.588.637.169.382.900;-0.20945908141901537;0.8794104801269476;777.881.980.452.511;11.640.689.662.702.400
South Korea;2019;8.914.868.373.977.540;11.142.226.038.412.600;53.904.003.832.983.500;2.147.574.606.414.020;6.276.862.519.148.350;5.645.211.985.838.020;20.174.466.604.290.700;8.428.548.224.174.630;12.241.935.845.112.100
South Korea;2020;1.350.857.370.609.130;5.608.907.319.379.870;6.676.078.917.636.280;336.344.258.506.157;21.883.995.944.421.200;37.873.609.095.086.700;0.7355650727756977;6.243.138.647.722.940;876.146.561.559.849
South Korea;2021;14.832.587.636.595.900;5.532.916.016.432.100;10.660.862.226.438.900;39.757.326.350.698.700;3.623.812.752.623.210;2.739.262.277.276.140;1.886.383.380.738.020;7.043.427.623.706.570;12.424.129.220.472.500
South Korea;2022;1.365.731.963.995.790;686.919.789.118.595;10.907.669.877.196.400;548.713.010.803.464;4.779.936.925.279.760;4.804.653.832.753.930;2.035.529.703.359.300;8.125.088.930.145.100;13.696.106.626.909.300
South Korea;2023;14.974.714.616.692.800;9.760.985.402.322.100;8.567.502.403.936.650;5.263.583.197.788.200;1.530.933.184.404.970;50.469.660.735.914.200;2.051.452.347.108.310;6.087.741.849.103.670;13.606.534.004.518.100
South Korea;2024;9.288.698.674.734.450;7.345.831.979.813.990;969.157.430.662.447;2.303.799.480.241.540;5.816.785.656.773.900;4.657.073.423.661.930;0.7761370681629267;6.019.157.615.150.500;9.296.305.065.399.300
Mexico;2015;14.169.269.183.757.400;11.868.303.246.191.900;8.686.321.743.150.010;2.799.017.905.320.790;4.621.037.070.147.470;2.319.883.037.726.840;17.294.588.830.290.000;6.320.941.916.480.870;13.088.223.220.016.200
Mexico;2016;13.412.665.786.761.100;11.740.944.027.012.900;6.076.849.494.348.170;46.631.094.656.697.400;65.581.826.858.151.100;-1.179.922.176.074.560;2.280.299.705.327.570;806.365.716.690.244;7.542.696.472.841.370
Mexico;2017;11.009.635.669.468.100;9.957.204.620.516.970;36.061.554.132.189.400;4.410.852.300.881.360;2.748.239.870.194.210;2.967.324.142.139.810;-0.8399028816562051;8.614.610.418.457.120;14.787.911.753.419.100
Mexico;2018;17.688.778.552.856.900;10.247.562.822.200.400;4.170.776.161.175.680;5.291.315.979.645.110;0.6598149569822098;-1.823.011.587.768.020;0.1326357670233944;7.465.929.571.213.990;13.163.259.342.462.300
Mexico;2019;14.832.953.766.065.000;8.121.318.944.637.230;54.626.399.965.349.900;6.485.622.500.788.550;32.701.784.645.338.200;16.110.961.946.374.000;-0.42731662582915786;8.384.428.646.249.780;12.549.457.806.251.900
Mexico;2020;10.207.696.127.887.600;55.766.673.193.108.900;9.124.493.718.672.410;4.772.556.071.405.670;22.761.869.254.883.600;5.606.908.498.003.280;-0.4712973787668492;7.297.004.403.127.800;1.454.892.736.134.070
Mexico;2021;12.197.273.169.261.200;94.696.816.336.486;6.578.349.581.665.140;28.710.760.117.433.500;6.895.854.711.738.880;12.746.720.505.203.400;21.293.472.128.769.700;6.689.863.817.673.250;8.704.837.632.200.660
Mexico;2022;8.311.340.828.845.110;9.561.667.777.631.190;6.316.737.093.513.850;5.821.791.249.198.180;35.758.643.934.951.200;5.745.547.423.317.770;-0.35066069503907604;8.605.869.503.866.830;13.212.774.822.333.900
Mexico;2023;1.570.921.844.644.050;10.913.482.596.818.200;984.921.591.848.699;4.631.101.608.157.070;13.530.917.049.355.100;-17.397.905.640.699.800;2.222.967.467.354.900;7.849.950.943.562.210;1.337.229.832.780.940
Mexico;2024;128.152.235.151.255;58.211.573.227.367.600;4.126.672.129.822.950;4.927.826.436.144.850;32.969.883.168.465.000;-0.39580218639730624;0.720580913595029;6.192.626.811.225.400;1.165.577.121.531.510
South Africa;2015;10.689.934.044.350.900;10.582.913.704.460.300;5.793.257.630.312.160;3.776.100.745.409.000;0.5755335094026541;-1.420.424.897.643.520;0.3737274474233969;743.981.650.415.137;1.180.016.438.495.440
South Africa;2016;10.916.625.787.093.000;9.864.873.202.885.790;10.741.101.574.702.800;5.399.254.944.466.740;0.7575223647643214;18.440.555.780.626.300;-0.632744375536388;6.726.135.047.587.580;14.893.300.746.137.100
South Africa;2017;9.424.955.429.015.130;8.492.217.074.159.490;8.563.401.608.863.070;50.123.248.527.205.100;4.137.716.442.664.940;-19.218.332.206.465.300;0.14261457885397166;7.553.134.930.154.130;7.702.931.993.158.660
South Africa;2018;11.506.269.312.091.800;5.232.421.761.539.560;37.072.064.743.951.800;348.461.638.100.798;13.626.524.012.798.900;2.540.326.786.092.460;14.131.273.919.804.300;840.176.009.732.725;860.120.195.395.848
South Africa;2019;9.674.825.822.590.690;5.731.974.882.340.800;872.787.224.589.273;5.032.378.632.434.500;0.7053099413666732;54.896.979.699.495.100;-0.8181005072198466;7.623.889.005.903.210;12.672.484.155.607.300
South Africa;2020;16.709.691.237.460.800;9.998.608.524.926.990;10.215.552.747.628.100;319.725.096.271.403;5.796.363.239.352.320;-13.590.812.289.225.900;2.131.858.296.211.840;7.642.777.128.461.200;1.353.838.215.969.990
South Africa;2021;12.523.182.845.183.000;9.505.043.866.375.670;7.737.623.948.425.010;5.157.947.608.776.650;10.305.948.831.988.300;-15.171.833.280.754.800;-0.13513868096448745;6.478.634.040.339.560;13.974.268.532.737.600
South Africa;2022;10.192.139.873.580.400;11.831.056.790.733.900;6.032.062.125.939.960;24.105.895.784.434.900;5.633.040.296.426.110;3.269.662.204.007.000;0.7436850075859864;7.666.090.652.812.890;12.753.614.226.178.100
South Africa;2023;10.284.547.413.312.900;11.974.337.412.397.100;11.773.138.459.321.000;4.751.628.431.734.680;17.970.259.310.394.400;34.418.259.394.503.300;-0.7473055685728845;6.091.957.506.617.410;906.146.310.808.971
South Africa;2024;12.626.229.567.393.100;11.077.907.537.858.600;9.544.521.627.896.770;5.213.532.605.999.900;326.570.667.391.249;0.7674799403757033;0.2986356704461095;8.962.948.691.208.170;732.087.353.129.986
Russia;2015;16.670.314.961.224.400;9.050.727.860.006.750;6.947.538.772.706.310;5.126.288.302.075.680;36.633.481.192.605.600;49.873.859.046.532.800;21.524.565.240.394.000;7.265.162.780.620.360;9.214.622.377.880.410
Russia;2016;13.923.503.285.933.600;11.386.543.419.316.800;4.895.959.701.050.990;4.614.832.917.817.410;4.605.141.430.601.380;3.864.904.179.322.240;-0.5395131020545907;8.147.474.894.046.260;14.272.260.165.325.100
Russia;2017;9.796.831.088.702.410;6.662.803.274.467.140;11.742.555.846.374.700;2.404.884.763.547.440;6.053.503.106.902.260;19.382.228.515.842.700;-0.1346912395888804;8.612.249.703.817.530;10.562.442.040.021.300
Russia;2018;13.148.173.539.296.900;751.463.358.579.836;8.336.557.662.914.340;23.176.193.629.251.100;30.420.299.882.364.400;57.552.985.786.823;-0.0965329855460536;7.970.209.993.623.870;9.601.520.513.797.550
Russia;2019;15.734.731.256.866.000;5.916.115.625.028.440;11.728.389.405.706.900;37.689.477.069.181.900;20.343.280.117.520.100;-14.120.260.213.598.900;-0.40584733219360736;7.559.321.845.668.050;969.602.541.145.029
Russia;2020;16.288.833.658.826.000;8.016.212.665.632.640;523.842.845.328.867;4.585.724.933.020.150;5.094.051.909.755.390;-0.6636647367924011;-0.4133327429908882;6.110.014.280.800.620;12.891.216.120.525.100
Russia;2021;1.463.804.527.621.800;8.322.416.130.248.690;10.597.534.040.722.700;5.528.350.764.750.260;4.304.803.368.578.880;4.946.170.244.106.060;-0.2795557648713112;63.357.588.581.931.800;9.157.996.892.135.910
Russia;2022;8.570.868.560.893.140;8.718.186.696.007.220;11.429.451.230.654.600;16.967.177.033.425.400;12.937.144.410.651.700;16.175.922.262.674.800;2.268.562.561.347.660;6.948.468.314.930.250;11.057.878.469.507.100
Russia;2023;841.572.859.050.392;6.038.402.406.734.620;11.879.671.106.629.600;6.325.593.482.180.220;0.5321098760736624;5.614.494.283.385.910;1.236.919.782.354.250;8.603.754.883.560.060;10.637.918.845.070.800
Russia;2024;13.155.960.285.792.500;8.421.926.061.798.440;9.001.778.317.914.930;21.982.562.737.815.600;0.6948283341724066;0.4634395327295273;14.663.826.695.782.600;6.605.560.356.368.840;12.387.459.466.599.300
Netherlands;2015;17.699.120.461.072.700;56.573.050.105.259.200;9.053.419.064.026.130;37.187.510.965.228.500;6.142.924.653.453.780;-0.5828016844209127;1.424.190.832.791.570;851.434.586.894.433;14.556.913.755.792.100
Netherlands;2016;14.832.480.282.896.400;848.022.334.805.899;8.560.625.161.810.920;5.844.524.922.393.590;4.208.963.353.152.390;-17.569.035.224.253.000;2.258.320.434.274.420;8.068.580.253.094.680;12.412.107.086.217.900
Netherlands;2017;10.156.751.523.977.100;96.121.982.916.286;6.544.779.650.887.420;475.616.488.520.746;11.928.546.970.019.300;32.627.624.368.242.800;2.497.948.040.197.330;6.144.636.116.581.660;1.481.739.347.377.050
Netherlands;2018;12.069.079.607.228.700;11.095.274.152.360.800;1.004.146.935.652.440;4.335.081.304.933.330;5.299.919.860.133.620;5.028.124.490.410.780;0.41449112577861547;6.981.099.484.689.710;12.340.747.084.508.600
Netherlands;2019;16.078.459.419.412.500;1.033.599.594.343.630;1.018.032.283.972.770;3.677.916.574.064.660;581.592.240.513.764;-10.383.275.570.351.300;0.9057118428629733;60.172.759.814.943.600;9.596.686.639.202.160
Netherlands;2020;11.664.615.348.713.900;7.773.208.841.264.780;925.920.486.020.876;34.427.905.063.517.200;34.165.085.470.464.400;-0.09964695300538029;0.3063812707026903;6.681.808.881.789.450;7.585.567.390.147.540
Netherlands;2021;14.034.485.933.813.700;9.677.489.589.885.110;857.541.311.408.653;38.174.702.190.028.600;2.968.607.571.164.990;4.906.669.196.574.600;0.8167862479767631;7.437.545.632.889.190;7.205.136.526.451.480
Netherlands;2022;11.412.478.276.261.500;7.661.369.331.501;6.589.405.028.072.100;4.400.861.846.136.660;396.841.655.372.471;2.863.240.742.347.550;16.770.914.153.974.400;843.895.721.614.828;12.744.984.609.811.900
Netherlands;2023;17.555.236.959.549.300;51.276.280.787.345.300;4.762.001.871.151.910;15.378.143.748.907.100;470.858.564.200.492;5.184.244.391.599.890;-0.14781196198295254;878.110.363.438.892;7.482.139.122.316.480
Netherlands;2024;17.344.360.268.055.100;7.461.358.810.677.440;39.127.874.560.429.400;39.293.587.959.316.200;21.690.476.901.833.000;0.27898321569538265;0.07551487724200312;840.907.769.349.799;11.313.290.213.402.000
Sweden;2015;11.113.076.991.560.000;9.272.336.483.176.420;9.445.356.068.008.740;28.631.200.036.676.600;3.188.069.159.914.780;-10.249.112.533.044.100;-0.3659772766286189;8.043.353.561.894.940;8.451.506.781.565.010
Sweden;2016;132.516.338.366.706;9.963.323.832.057.020;39.618.923.078.526.900;4.336.561.098.144.510;21.676.580.940.588.600;5.703.415.001.900.630;0.6924097635197366;8.417.977.649.325.470;11.401.812.337.250.000
Sweden;2017;8.434.125.328.548.190;9.432.059.629.158.150;11.562.630.079.859.900;4.508.059.100.731.650;5.824.727.586.274.130;5.073.651.706.787.260;-0.20172079817873634;663.613.451.972.468;11.887.847.910.807.900
Sweden;2018;12.110.284.698.067.000;10.879.029.120.067.000;111.002.081.105.821;32.671.068.965.135.900;20.396.586.333.341.300;4.244.204.121.950.890;-0.038178875581523664;8.467.842.955.541.030;10.389.906.029.190.100
Sweden;2019;14.675.498.992.914.700;5.668.747.196.842.670;8.614.733.922.089.150;3.758.838.393.686.140;4.312.955.010.640.580;-0.6558863380410926;15.790.581.073.046.300;8.588.391.232.629.680;8.733.918.400.726.200
Sweden;2020;8.957.145.555.201.610;5.165.470.102.324.350;8.777.743.503.989.390;45.354.701.804.439.000;4.053.533.182.641.450;-0.14442323107219668;0.3681709856693014;778.342.900.555.852;10.974.134.870.873.300
Sweden;2021;17.877.855.202.148.800;59.550.782.678.971.300;9.256.300.986.428.340;35.215.938.405.214.600;3.283.297.497.016.490;374.078.212.526.541;14.235.265.296.352.900;8.973.767.981.106.560;8.027.154.315.633.000
Sweden;2022;9.041.096.493.841.660;10.070.371.719.901.100;8.205.482.253.057.680;2.870.803.332.799.020;1.016.225.898.428.410;-13.147.340.032.285.500;2.129.668.061.324.410;6.575.601.974.156.220;9.586.972.496.924.160
Sweden;2023;1.026.656.402.226.980;7.484.974.140.823.560;36.248.145.847.148.400;4.095.298.954.541.350;0.9394816633493969;44.028.520.625.788.900;-0.18200771331348442;7.620.035.743.813.530;14.040.632.700.491.600
Sweden;2024;1.450.877.369.047.190;8.730.704.505.859.340;591.900.377.803.838;31.650.095.652.909.800;4.851.665.208.788.230;595.311.488.976.934;13.164.371.644.728.200;7.673.350.252.110.070;12.845.204.081.913.900
Switzerland;2015;12.652.056.122.837.100;54.209.963.982.054.900;8.060.671.342.901.180;6.288.126.422.526.900;16.394.691.253.247.800;3.520.039.126.565.320;-0.29673208969330234;7.607.483.053.419.240;7.773.411.597.173.750
Switzerland;2016;12.503.709.362.581.800;10.293.143.302.266.700;6.128.143.718.150.830;482.455.862.243.609;5.670.424.745.133.230;5.417.422.555.835.620;-0.1787527135059126;7.197.947.747.427.920;821.932.810.664.334
Switzerland;2017;17.924.835.021.583.700;11.489.006.775.470.000;7.859.614.172.525.030;5.710.166.471.882.100;38.862.268.522.682.700;29.886.855.040.220.700;-0.6880644875939419;8.265.811.261.490.420;8.021.707.869.081.870
Switzerland;2018;16.260.676.302.525.200;104.741.966.136.927;9.378.702.279.686.780;16.808.019.026.238.100;2.470.334.313.644.630;0.10490055928674291;0.2604774261503169;6.262.928.240.291.510;14.495.662.584.248.500
Switzerland;2019;13.538.022.407.123.700;7.138.670.174.606.160;65.728.336.536.685.500;3.736.012.702.524.170;4.403.863.166.844.010;2.125.435.421.571.980;22.178.719.062.504.600;7.490.890.448.717.490;149.372.641.185.865
Switzerland;2020;16.514.249.577.450.900;645.957.360.050.135;11.375.356.931.795.200;20.818.319.894.273.800;5.813.423.105.192.740;10.449.863.478.126.400;20.729.101.215.577.400;8.604.170.070.322.350;1.344.740.320.094.090
Switzerland;2021;15.900.304.363.070.600;7.132.753.973.686.280;372.827.354.746.127;3.514.900.893.825.800;16.279.093.474.123.000;35.596.087.112.196.900;0.21134904288224932;8.926.830.602.579.740;12.127.776.618.762.600
Switzerland;2022;1.622.480.563.634.360;5.927.672.709.192.930;10.758.130.340.453.600;6.113.785.952.566.970;36.659.024.723.230.800;28.500.235.020.078.100;16.768.343.031.604.800;6.524.515.881.781.230;11.020.528.611.707.500
Switzerland;2023;11.986.630.277.723.100;60.246.179.451.357.400;6.307.809.800.623.780;18.408.615.469.274.600;0.6677773951716655;-0.9186696867614179;23.709.028.905.621.000;764.858.860.768.505;1.472.657.728.922.570
Switzerland;2024;1.232.497.878.330.130;7.182.712.931.596.810;7.555.276.765.562.190;36.975.584.431.645.500;11.868.204.477.013.300;312.661.051.752.165;-0.24386636121640137;7.858.763.864.693.480;12.201.608.739.185.200
UAE;2015;9.520.248.531.286.480;5.429.447.389.774.670;10.026.854.274.615.900;37.990.021.188.466.000;0.8780646707855926;5.958.930.537.358.130;-0.7977680365127168;8.085.105.686.575.650;14.869.431.402.107.300
UAE;2016;10.391.801.042.159.200;5.995.745.580.810.370;409.246.445.480.186;3.016.375.737.837.970;11.567.977.715.692.000;35.372.907.335.530.500;-0.7819787065447805;752.826.638.444.937;14.973.574.830.823.800
UAE;2017;16.139.702.695.060.100;9.306.536.067.617.070;5.756.282.587.079.500;4.619.479.181.458.190;39.257.695.154.257.300;14.086.670.711.229.700;-0.5425136814093019;86.598.126.457.214;1.059.827.719.057.050
UAE;2018;994.622.511.820.765;7.574.315.456.141.020;6.727.167.772.760.340;5.637.689.477.834.370;5.268.493.473.649.110;4.154.439.149.130.710;-0.9613905744997348;7.248.461.994.539.280;1.085.075.321.308.250
UAE;2019;8.191.922.768.230.560;681.869.246.121.524;9.842.608.408.099.210;2.185.548.528.644.990;3.979.515.854.441.840;-0.27838502386209996;-0.9575772887463736;6.723.604.372.798.620;1.480.699.003.928.040
UAE;2020;16.015.371.118.829.800;11.717.036.510.247.200;7.390.686.395.337.260;20.486.809.933.875.100;4.061.736.678.329.000;1.635.018.676.479.680;1.955.249.789.588.650;62.942.477.423.527.300;10.905.929.096.174.200
UAE;2021;9.500.486.646.939.840;727.273.148.823.042;9.636.213.696.490.190;38.800.906.468.438.300;29.432.738.534.475.000;11.558.102.285.602.800;0.6080636894209532;835.504.963.151.117;14.136.677.511.521.800
UAE;2022;17.553.346.865.039.200;10.508.323.703.787.000;5.838.662.061.732.110;49.406.735.304.327.100;33.444.203.063.600.400;0.03736497636840941;19.430.505.279.907.200;6.115.279.046.886.970;14.214.095.937.083.300
UAE;2023;1.261.477.464.624.730;9.460.410.337.657.960;8.934.185.299.852.040;5.975.588.703.532.680;4.638.352.934.086.840;2.911.468.678.080.490;-0.7667178580375851;7.555.224.065.835.610;8.201.352.006.536.330
UAE;2024;15.374.337.687.214.800;8.585.553.445.688.720;912.205.001.287.518;17.083.645.030.119.200;10.511.481.042.977.200;3.730.587.104.501.450;-0.7477048240046432;6.213.770.183.295.770;70.968.678.018.791
